model,m,selection,session,task,kind,classes_seen,new_classes,accuracy,balanced_accuracy,f1_macro,f1_weighted,G_Mean,n,HR@1,MRR@1,HR@3,MRR@3,HR@5,MRR@5,RMSE_dr,MAE_dr,n_dr,RPD,minutes
resnet18,1,herding,0,T1_APTOS,base,5,No DR;Mild DR;Moderate DR;Severe DR;Proliferative DR,0.7726218097447796,0.5955544459639837,0.6112160384045494,0.7658432006837729,0.5562018043986297,431,0.7726218097447796,0.7726218097447796,0.9791183294663574,0.8658159319412219,1.0,0.8709203402938902,0.791486017570292,0.3433874709976798,431,0.0,3.44
resnet18,1,herding,1,T2_ODIR,class-incremental,6,Normal,0.6436170212765957,0.2351243077648167,0.2256499745598951,0.5304771842793374,0.0,1128,0.6436170212765957,0.6436170212765957,0.9335106382978724,0.7761524822695035,1.0,0.791755319148936,1.1906811155751744,0.8607594936708861,79,0.9129129129129128,0.82
resnet18,1,herding,2,T2_ODIR,class-incremental,7,Glaucoma,0.2252510760401721,0.2806990068389856,0.207175008051703,0.1098039096964761,0.0,1394,0.2252510760401721,0.2252510760401721,0.832855093256815,0.5143472022955524,0.9519368723098997,0.5410688665710186,1.3251783128981585,0.959349593495935,123,0.927927927927928,0.59
resnet18,1,herding,3,T2_ODIR,class-incremental,8,Cataract,0.0764951321279554,0.2404811845541682,0.1456122587115955,0.0616345006366363,0.0,1438,0.0764951321279554,0.0764951321279554,0.7169680111265647,0.3510662957811775,0.9346314325452016,0.4015878535002318,1.2260782902638026,0.8496732026143791,153,0.9344566948584164,0.59
resnet18,1,herding,4,T2_ODIR,class-incremental,9,AMD,0.0372376438727149,0.1497573081613378,0.0638929450452211,0.0186706511615968,0.0,1477,0.0372376438727149,0.0372376438727149,0.5125253893026405,0.2508463100880162,0.7109004739336493,0.2956330399458362,1.4739110533215525,1.1724137931034482,58,0.9731947856947858,0.53
resnet18,1,herding,5,T2_ODIR,class-incremental,10,Hypertension,0.0376344086021505,0.2065411578471279,0.0433615128321867,0.02596742866492,0.0,1488,0.0376344086021505,0.0376344086021505,0.2016129032258064,0.1120071684587813,0.3844086021505376,0.1511872759856631,1.203375754927433,1.0141509433962264,212,0.9571935571935573,0.48
resnet18,1,herding,6,T2_ODIR,class-incremental,11,Myopia,0.0406290956749672,0.1282656897715222,0.0542826146254402,0.0242134034512033,0.0,1526,0.0406290956749672,0.0406290956749672,0.2385321100917431,0.1249453910004368,0.5753604193971167,0.2021734381826125,1.224744871391589,0.9210526315789472,76,0.987987987987988,0.51
resnet18,1,herding,7,T2_ODIR,class-incremental,12,Other,0.0897435897435897,0.1514397238953526,0.0819677075245959,0.0359449673070864,0.0,1638,0.0897435897435897,0.0897435897435897,0.5213675213675214,0.2553927553927553,0.7545787545787546,0.3097273097273098,1.2230283395439907,0.9411764705882352,119,0.9816545869177448,0.76
resnet18,1,herding,8,T3_LAG,domain-incremental,12,,0.5482295482295483,0.2439152584535267,0.2396403659540615,0.4678688559405425,0.0,1638,0.5482295482295483,0.5482295482295483,0.7673992673992674,0.6454008954008953,0.8650793650793651,0.6681725681725682,1.3273676061682242,1.0,126,0.7201605976200337,2.06
resnet18,1,herding,9,T4_HAM,class-incremental,13,Actinic Keratoses,0.5364552459988144,0.4419045895380784,0.408176811034763,0.5509272538317264,0.3295270655023015,1687,0.5364552459988144,0.5364552459988144,0.7907528156490812,0.6478956727919384,0.8873740367516301,0.6700652045050386,0.9117704213259056,0.5582329317269076,249,0.52954780968071,0.68
resnet18,1,herding,10,T4_HAM,class-incremental,14,Basal Cell Carcinoma,0.5153061224489796,0.4260069294374669,0.3659964336606857,0.5183239852935863,0.0,1764,0.5153061224489796,0.5153061224489796,0.8095238095238095,0.6463529856386998,0.903061224489796,0.6676965230536659,0.9927271762054324,0.6159420289855072,276,0.56855287340421,0.77
resnet18,1,herding,11,T4_HAM,class-incremental,15,Benign Keratosis,0.4989626556016597,0.3975199467973367,0.3332800975993565,0.4875305506103032,0.0,1928,0.4989626556016597,0.4989626556016597,0.7899377593360996,0.628198478561549,0.8947095435684648,0.6522648686030429,0.9946666286387916,0.6063829787234043,282,0.6191470709189333,1.1
resnet18,1,herding,12,T4_HAM,class-incremental,16,Dermatofibroma,0.387146529562982,0.3370376907253758,0.2583516631454542,0.408040299880275,0.0,1945,0.387146529562982,0.387146529562982,0.7218508997429306,0.5356469580119966,0.8267352185089974,0.5590916880891175,0.92973478995949,0.5028248587570622,177,0.659062849485384,0.65
resnet18,1,herding,13,T4_HAM,class-incremental,17,Melanocytic Nevi,0.6038316797810469,0.3561220857485497,0.3055608865234417,0.5632862255092115,0.0,2923,0.6038316797810469,0.6038316797810469,0.7759151556619911,0.679609989736572,0.8569962367430722,0.6980841601094766,1.0220498947023802,0.6114649681528662,314,0.6698711242009878,4.45
resnet18,1,herding,14,T4_HAM,class-incremental,18,Melanoma,0.318108195659216,0.3483414942782562,0.2625303393075273,0.2966126584015478,0.0,3087,0.318108195659216,0.318108195659216,0.7732426303854876,0.5362271892884137,0.8328474246841594,0.549848828420257,0.9831353843426084,0.5719063545150501,299,0.6772046829222134,1.36
resnet18,1,herding,15,T4_HAM,class-incremental,19,Vascular Lesions,0.238095238095238,0.2675502338059064,0.2087651099353667,0.223963763792912,0.0,3108,0.238095238095238,0.238095238095238,0.637065637065637,0.3971471471471471,0.8333333333333334,0.4439135564135564,1.216928934052581,0.8396946564885496,131,0.7380857555504539,0.81
resnet18,5,herding,0,T1_APTOS,base,5,No DR;Mild DR;Moderate DR;Severe DR;Proliferative DR,0.777262180974478,0.5925357378080507,0.6192177310821478,0.7644479532511594,0.5487530768507519,431,0.777262180974478,0.777262180974478,0.9814385150812064,0.8658159319412219,1.0,0.8704563031709203,0.795871015211528,0.3410672853828306,431,0.0,0.48
resnet18,5,herding,1,T2_ODIR,class-incremental,6,Normal,0.74822695035461,0.4995157777636361,0.4848601673949189,0.7174643082115986,0.433564425838862,1128,0.74822695035461,0.74822695035461,0.9698581560283688,0.850177304964539,0.9911347517730495,0.8552748226950354,0.8939869117751092,0.515748031496063,254,0.5462686567164179,0.58
resnet18,5,herding,2,T2_ODIR,class-incremental,7,Glaucoma,0.3314203730272597,0.4811411623640465,0.3980585884312312,0.2461376539870469,0.0,1394,0.3314203730272597,0.3314203730272597,0.8106169296987088,0.5547584887613581,0.9347202295552368,0.5838474414155906,0.8526393522648804,0.4447852760736196,326,0.673134328358209,0.44
resnet18,5,herding,3,T2_ODIR,class-incremental,8,Cataract,0.2225312934631432,0.4411565798146477,0.33915689860519,0.2511031085472909,0.3357465036371403,1438,0.2225312934631432,0.2225312934631432,0.8372739916550765,0.4887575336114974,0.9255910987482616,0.5095155308298563,0.899211242192739,0.4917491749174917,303,0.7229638103163859,0.45
resnet18,5,herding,4,T2_ODIR,class-incremental,9,AMD,0.1455653351387948,0.3937939236475488,0.2928083418353078,0.1527631580629305,0.166962856761826,1477,0.1455653351387948,0.1455653351387948,0.6750169262017603,0.3749717896637327,0.8747461069735951,0.4223990069961634,0.8873565094161138,0.5275590551181102,254,0.7587643962802131,0.46
resnet18,5,herding,5,T2_ODIR,class-incremental,10,Hypertension,0.0806451612903225,0.227378565900959,0.0856159619156057,0.08350787536713,0.0,1488,0.0806451612903225,0.0806451612903225,0.2553763440860215,0.1523297491039426,0.4543010752688172,0.1971550179211469,1.8213635742105632,1.3293413173652695,167,0.8081670725539052,0.43
resnet18,5,herding,6,T2_ODIR,class-incremental,11,Myopia,0.1893840104849279,0.3755254333873605,0.27139890742276,0.1844782196247524,0.1728742004521785,1526,0.1893840104849279,0.1893840104849279,0.3401048492791612,0.2540410659676714,0.7031454783748362,0.3390672782874618,0.914991421995628,0.4941860465116279,344,0.7806717816497115,0.56
resnet18,5,herding,7,T2_ODIR,class-incremental,12,Other,0.1648351648351648,0.2959335662310365,0.2501851735112409,0.1377148644959114,0.0,1638,0.1648351648351648,0.1648351648351648,0.3882783882783883,0.2634310134310134,0.6251526251526252,0.3178266178266178,1.0156434076640932,0.6081081081081081,222,0.839232398885886,0.78
resnet18,5,herding,8,T3_LAG,domain-incremental,12,,0.6019536019536019,0.4667472887310925,0.4537494082602052,0.6090393705406867,0.0,1638,0.6019536019536019,0.6019536019536019,0.86996336996337,0.7239519739519739,0.9413919413919414,0.7403133903133903,0.9035079029052512,0.4897959183673469,294,0.4998088741702018,2.27
resnet18,5,herding,9,T4_HAM,class-incremental,13,Actinic Keratoses,0.6099585062240664,0.543584869538319,0.5060137723756709,0.6216479354042793,0.4317930917680874,1687,0.6099585062240664,0.6099585062240664,0.8838174273858921,0.7335506816834617,0.953764078245406,0.7497036158861885,0.9426489041640792,0.5190217391304348,368,0.4057014457637036,0.73
resnet18,5,herding,10,T4_HAM,class-incremental,14,Basal Cell Carcinoma,0.6247165532879818,0.5041351466096303,0.4737539579681125,0.6177734360186371,0.0,1764,0.6247165532879818,0.6247165532879818,0.9058956916099772,0.7537792894935751,0.9603174603174603,0.7664493575207861,0.811582815655104,0.4026666666666667,375,0.4543426494982142,0.9
resnet18,5,herding,11,T4_HAM,class-incremental,15,Benign Keratosis,0.5964730290456431,0.4762943025191681,0.4380837011915142,0.5824687653132459,0.0,1928,0.5964730290456431,0.5964730290456431,0.891597510373444,0.7289937759336099,0.9548755186721992,0.7433609958506223,0.9089572094197558,0.4893048128342246,374,0.5070139839117215,1.24
resnet18,5,herding,12,T4_HAM,class-incremental,16,Dermatofibroma,0.4179948586118251,0.3763045357968148,0.2832535875887956,0.3903825895188213,0.0,1945,0.4179948586118251,0.4179948586118251,0.7773778920308483,0.581319622964867,0.8987146529562982,0.6095458440445587,1.2839333504839137,0.896969696969697,165,0.5878313026465872,0.59
resnet18,5,herding,13,T4_HAM,class-incremental,17,Melanocytic Nevi,0.6613068764967499,0.4418424527294609,0.3982114508201326,0.6210392455154398,0.0,2923,0.6613068764967499,0.6613068764967499,0.8994184057475196,0.7673052799635077,0.959288402326377,0.7811266963165698,0.8847758376155413,0.4797979797979798,396,0.575973998921569,4.69
resnet18,5,herding,14,T4_HAM,class-incremental,18,Melanoma,0.416261742792355,0.4049571047351514,0.3490263771002759,0.4180391891317773,0.0,3087,0.416261742792355,0.416261742792355,0.8464528668610302,0.6221790303422956,0.9196631033365728,0.638975272648742,0.8443022844971183,0.4357682619647355,397,0.5970779510251464,1.58
resnet18,5,herding,15,T4_HAM,class-incremental,19,Vascular Lesions,0.3046975546975547,0.3439216915208126,0.2623646280447037,0.300662252302314,0.0,3108,0.3046975546975547,0.3046975546975547,0.8124195624195624,0.5298155298155298,0.9034749034749034,0.5508740883740884,0.9758168014715312,0.5494880546075085,293,0.6479012938698159,0.96
resnet18,20,herding,0,T1_APTOS,base,5,No DR;Mild DR;Moderate DR;Severe DR;Proliferative DR,0.777262180974478,0.5772264148575855,0.5924788647342994,0.7665352104979992,0.5223789302455535,431,0.777262180974478,0.777262180974478,0.9860788863109048,0.8692962103634958,1.0,0.8725444702242846,0.7554903449104431,0.3248259860788863,431,0.0,0.48
resnet18,20,herding,1,T2_ODIR,class-incremental,6,Normal,0.824468085106383,0.5736870609158631,0.5925837193775376,0.8199626889122444,0.5271138619693423,1128,0.824468085106383,0.824468085106383,0.9831560283687945,0.8973108747044916,0.99822695035461,0.9007239952718676,0.7517293082676685,0.3434903047091412,361,0.1880597014925373,0.59
resnet18,20,herding,2,T2_ODIR,class-incremental,7,Glaucoma,0.4117647058823529,0.5254748476206987,0.4335257098991785,0.3808603240949153,0.4590657433776072,1394,0.4117647058823529,0.4117647058823529,0.8780487804878049,0.6307986609277857,0.930416068866571,0.6425992348158776,0.7891812323819287,0.4122807017543859,342,0.5754638660799347,0.44
resnet18,20,herding,3,T2_ODIR,class-incremental,8,Cataract,0.521557719054242,0.553394780062709,0.4261137913390351,0.5661930636121267,0.491350286713575,1438,0.521557719054242,0.521557719054242,0.8873435326842837,0.6784886416318961,0.9624478442280946,0.6964302271673621,0.9970014925003392,0.592814371257485,334,0.4143398686135904,0.4
resnet18,20,herding,4,T2_ODIR,class-incremental,9,AMD,0.2850372376438727,0.5197490966480969,0.4118999766699948,0.3000186940590703,0.4059882772129199,1477,0.2850372376438727,0.2850372376438727,0.7481381178063643,0.4935680433310765,0.8801624915368991,0.5248138117806365,0.8571791513802559,0.4359756097560975,328,0.5224456496877443,0.42
resnet18,20,herding,5,T2_ODIR,class-incremental,10,Hypertension,0.032258064516129,0.1874081561671231,0.0847426350179159,0.0245351858324176,0.0,1488,0.032258064516129,0.032258064516129,0.6908602150537635,0.318100358422939,0.92002688172043,0.3711581541218637,0.8660254037844386,0.75,16,0.8493849899438974,0.39
resnet18,20,herding,6,T2_ODIR,class-incremental,11,Myopia,0.3001310615989515,0.5002385650615652,0.3392749017101939,0.3182955216595603,0.4408670307384998,1526,0.3001310615989515,0.3001310615989515,0.5714285714285714,0.418086500655308,0.7699868938401049,0.4638925294888597,0.9775252199076788,0.6063492063492063,315,0.5344454173070815,0.47
resnet18,20,herding,7,T2_ODIR,class-incremental,12,Other,0.3235653235653236,0.4838439674436131,0.3687375966557111,0.2584601448155922,0.0,1638,0.3235653235653236,0.3235653235653236,0.5268620268620269,0.4107651607651607,0.6532356532356532,0.4396113146113146,0.7790796969048502,0.3582089552238806,402,0.5865915203368701,0.7
resnet18,20,herding,8,T3_LAG,domain-incremental,12,,0.6776556776556777,0.5923983244487275,0.557118094967816,0.7002744417561731,0.5386736970336878,1638,0.6776556776556777,0.6776556776556777,0.86996336996337,0.7641432641432641,0.9322344322344324,0.7786731786731786,0.7952986860293433,0.3575,400,0.331434728851065,2.08
resnet18,20,herding,9,T4_HAM,class-incremental,13,Actinic Keratoses,0.6686425607587433,0.6269904274369692,0.5695318022249356,0.6814341495911028,0.5627074949899541,1687,0.6686425607587433,0.6686425607587433,0.8743331357439241,0.7605216360403082,0.950207468879668,0.7778897451096621,0.7875228934401258,0.3557692307692308,416,0.2678355586338191,0.6
resnet18,20,herding,10,T4_HAM,class-incremental,14,Basal Cell Carcinoma,0.6660997732426304,0.6351530169557306,0.5833526810163724,0.6787235986956448,0.5969727820960302,1764,0.6660997732426304,0.6660997732426304,0.8837868480725624,0.764644746787604,0.953514739229025,0.7808578987150416,0.7602951929926987,0.3341463414634146,410,0.3108319350122267,0.73
resnet18,20,herding,11,T4_HAM,class-incremental,15,Benign Keratosis,0.654045643153527,0.5832214010403975,0.5429687181916364,0.6595380270818901,0.5289963708185902,1928,0.654045643153527,0.654045643153527,0.8983402489626556,0.7626210235131397,0.9626556016597512,0.7774291147994467,0.7702079842374077,0.3365617433414044,413,0.3741176964510035,1.06
resnet18,20,herding,12,T4_HAM,class-incremental,16,Dermatofibroma,0.4514138817480719,0.4069070026376331,0.3098594921038952,0.4505173393860583,0.0,1945,0.4514138817480719,0.4514138817480719,0.8205655526992288,0.6169665809768637,0.9280205655526992,0.6417994858611826,0.9385066339599072,0.5364238410596026,151,0.4946149374943288,0.62
resnet18,20,herding,13,T4_HAM,class-incremental,17,Melanocytic Nevi,0.7194663017447828,0.5540942890390722,0.5163811066947435,0.7075271973562975,0.4911741051259283,2923,0.7194663017447828,0.7194663017447828,0.9069449196031476,0.8035693921769872,0.9609989736572015,0.8162105143117802,0.8494407788679997,0.397094430992736,413,0.4367806466076805,4.35
resnet18,20,herding,14,T4_HAM,class-incremental,18,Melanoma,0.5536119209588597,0.5112664600470316,0.4559617956974297,0.5819487635782272,0.4034772892834072,3087,0.5536119209588597,0.5536119209588597,0.913508260447036,0.7183889428787389,0.9708454810495628,0.7316380520462152,0.7896209211012379,0.3597122302158273,417,0.4834139316850207,1.29
resnet18,20,herding,15,T4_HAM,class-incremental,19,Vascular Lesions,0.3371943371943371,0.4030080544660855,0.3225752062072655,0.3440042925454492,0.2673177002860469,3108,0.3371943371943371,0.3371943371943371,0.7818532818532818,0.5284212784212785,0.934041184041184,0.5633311883311883,0.9721393650372075,0.5384615384615384,182,0.5509827827140554,0.86
coatnet_0,1,herding,0,T1_APTOS,base,5,No DR;Mild DR;Moderate DR;Severe DR;Proliferative DR,0.7517401392111369,0.6094551389679672,0.5966145989128593,0.7465800113557198,0.5563323898253271,431,0.7517401392111369,0.7517401392111369,0.9675174013921114,0.8445475638051044,1.0,0.852552204176334,0.8160228375858833,0.3735498839907192,431,0.0,4.38
coatnet_0,1,herding,1,T2_ODIR,class-incremental,6,Normal,0.6897163120567376,0.3707432672459738,0.4000668960560656,0.6145945643930555,0.2883131521997097,1128,0.6897163120567376,0.6897163120567376,0.9636524822695036,0.8150118203309693,0.9973404255319148,0.8230348699763593,0.8712772736570379,0.5255474452554745,137,0.7500000000000001,2.03
coatnet_0,1,herding,2,T2_ODIR,class-incremental,7,Glaucoma,0.2632711621233859,0.3185300991286968,0.2861062928904822,0.1663327694558447,0.0,1394,0.2632711621233859,0.2632711621233859,0.9117647058823528,0.5740076518412243,0.9913916786226684,0.5921927307508369,0.9117291264405236,0.51875,160,0.8441358024691359,1.75
coatnet_0,1,herding,3,T2_ODIR,class-incremental,8,Cataract,0.2253129346314325,0.3588997856179426,0.3035481903866571,0.2835117040040923,0.1990691221716347,1438,0.2253129346314325,0.2253129346314325,0.8372739916550765,0.4958275382475661,0.9631432545201668,0.5256954102920723,0.9023778112773576,0.5190476190476191,210,0.7932659997230798,1.83
coatnet_0,1,herding,4,T2_ODIR,class-incremental,9,AMD,0.0595802301963439,0.2101659364663773,0.1615300485957556,0.0537296195488654,0.0,1477,0.0595802301963439,0.0595802301963439,0.6303317535545023,0.287519747235387,0.914691943127962,0.3537350485217784,0.8195375470622296,0.4626865671641791,67,0.9368113705884004,1.79
coatnet_0,1,herding,5,T2_ODIR,class-incremental,10,Hypertension,0.0315860215053763,0.1670724867835154,0.104084271751175,0.0387182906850525,0.0,1488,0.0315860215053763,0.0315860215053763,0.2278225806451612,0.1069668458781362,0.7600806451612904,0.2326388888888889,0.7423074889580902,0.4285714285714285,49,0.957608383577376,1.71
coatnet_0,1,herding,6,T2_ODIR,class-incremental,11,Myopia,0.0537352555701179,0.1596562188321649,0.1116696337955933,0.0476746807240285,0.0,1526,0.0537352555701179,0.0537352555701179,0.22870249017038,0.1252730449978156,0.3892529488859764,0.1621668851026649,1.0408329997330663,0.6666666666666666,72,0.9567993256623748,1.8
coatnet_0,1,herding,7,T2_ODIR,class-incremental,12,Other,0.0811965811965812,0.1071426839637729,0.0539247451035844,0.032644929058616,0.0,1638,0.0811965811965812,0.0811965811965812,0.2179487179487179,0.1406186406186406,0.514041514041514,0.2068884818884818,0.9805806756909202,0.5769230769230769,26,0.9805930169338692,2.29
coatnet_0,1,herding,8,T3_LAG,domain-incremental,12,,0.5732600732600732,0.2385214853111577,0.2625379875888316,0.494425307602678,0.0,1638,0.5732600732600732,0.5732600732600732,0.796092796092796,0.664021164021164,0.9035409035409036,0.6891432641432641,0.8435273922869734,0.4615384615384615,104,0.7084811808897202,4.48
coatnet_0,1,herding,9,T4_HAM,class-incremental,13,Actinic Keratoses,0.5281564908120925,0.3772101443011927,0.3423542393422757,0.5161725119305888,0.0,1687,0.5281564908120925,0.5281564908120925,0.7504445761707172,0.6295198577356254,0.8464730290456431,0.6509187907528156,0.9618906615929969,0.5794392523364486,214,0.6053281752337014,2.14
coatnet_0,1,herding,10,T4_HAM,class-incremental,14,Basal Cell Carcinoma,0.5102040816326531,0.3675502942633093,0.3284621325209151,0.5016435527781251,0.0,1764,0.5102040816326531,0.5102040816326531,0.7602040816326531,0.6226379440665154,0.8520408163265306,0.6434712773998488,0.966091783079296,0.6431372549019608,255,0.6412927076225048,2.37
coatnet_0,1,herding,11,T4_HAM,class-incremental,15,Benign Keratosis,0.5409751037344398,0.3685473295607502,0.3223411279277453,0.5022093527803251,0.0,1928,0.5409751037344398,0.5409751037344398,0.7598547717842323,0.6384854771784232,0.8449170124481328,0.6580653526970954,1.0698276730389806,0.71484375,256,0.630354098603229,2.98
coatnet_0,1,herding,12,T4_HAM,class-incremental,16,Dermatofibroma,0.4719794344473008,0.3309943109340872,0.274605441819816,0.4544748887466755,0.0,1945,0.4719794344473008,0.4719794344473008,0.7629820051413881,0.6009425878320479,0.8637532133676092,0.6243359040274207,0.9229582069908971,0.5555555555555556,216,0.6687158748492458,2.28
coatnet_0,1,herding,13,T4_HAM,class-incremental,17,Melanocytic Nevi,0.6356483065343825,0.3244627527765209,0.3073582091818193,0.5692220828231209,0.0,2923,0.6356483065343825,0.6356483065343825,0.8015737256243586,0.7064089405861558,0.8833390352377695,0.7254133880716159,1.0022909537471156,0.6192660550458715,218,0.6825647252825033,8.72
coatnet_0,1,herding,14,T4_HAM,class-incremental,18,Melanoma,0.3654033041788144,0.3230330094591013,0.26147247109925,0.3238225228896568,0.0,3087,0.3654033041788144,0.3654033041788144,0.7696793002915452,0.5590109059496814,0.8506640751538711,0.5776697980779614,0.9940297973880048,0.623015873015873,252,0.6972180535308697,4.23
coatnet_0,1,herding,15,T4_HAM,class-incremental,19,Vascular Lesions,0.3178893178893179,0.2883919322291376,0.2409655322257104,0.3147777674737771,0.0,3108,0.3178893178893179,0.3178893178893179,0.5711068211068211,0.4304483054483054,0.6396396396396397,0.4461175461175461,1.0,0.6310679611650486,206,0.718901511022435,3.4
coatnet_0,5,herding,0,T1_APTOS,base,5,No DR;Mild DR;Moderate DR;Severe DR;Proliferative DR,0.7911832946635731,0.5890925271039545,0.6154937873774227,0.7807315812333909,0.5027690607593515,431,0.7911832946635731,0.7911832946635731,0.9837587006960556,0.8758700696055685,1.0,0.8799303944315545,0.6569280967974722,0.2784222737819025,431,0.0,1.41
coatnet_0,5,herding,1,T2_ODIR,class-incremental,6,Normal,0.8067375886524822,0.5889203700706042,0.5948171472181668,0.7935553627464883,0.5599462677176466,1128,0.8067375886524822,0.8067375886524822,0.9680851063829788,0.8819444444444444,0.99822695035461,0.889169621749409,0.8092910951427281,0.4121405750798722,313,0.3607038123167155,1.9
coatnet_0,5,herding,2,T2_ODIR,class-incremental,7,Glaucoma,0.4576757532281205,0.5525115732305131,0.4798027133901169,0.4363322099847671,0.5015467893352386,1394,0.4576757532281205,0.4576757532281205,0.9447632711621234,0.6855571496891439,0.9928263988522238,0.6968197034911525,0.8105926959527753,0.4207492795389049,347,0.5491477802451139,1.64
coatnet_0,5,herding,3,T2_ODIR,class-incremental,8,Cataract,0.3956884561891516,0.5540583157747387,0.4461762934557711,0.4266942944877293,0.5116885294206016,1438,0.3956884561891516,0.3956884561891516,0.8463143254520167,0.5767269355586462,0.974269819193324,0.6066991191469634,0.7947194142390263,0.4035087719298245,342,0.5083225686899004,1.72
coatnet_0,5,herding,4,T2_ODIR,class-incremental,9,AMD,0.1591062965470548,0.4136829105243663,0.3360821797896636,0.1800707716738063,0.2571124859577662,1477,0.1591062965470548,0.1591062965470548,0.5497630331753555,0.3282554728052358,0.8246445497630331,0.3915256149853306,1.006282784319004,0.6008403361344538,238,0.7424809311699025,1.74
coatnet_0,5,herding,5,T2_ODIR,class-incremental,10,Hypertension,0.1485215053763441,0.3726312953000721,0.2785603231903793,0.1841207362987736,0.0,1488,0.1485215053763441,0.1485215053763441,0.4260752688172043,0.2636648745519713,0.655241935483871,0.3148745519713261,0.9673380856182342,0.5742971887550201,249,0.7576259950644733,1.7
coatnet_0,5,herding,6,T2_ODIR,class-incremental,11,Myopia,0.2024901703800786,0.4062638555945908,0.3188271955351962,0.2278849069247824,0.2971498746211391,1526,0.2024901703800786,0.2024901703800786,0.3473132372214941,0.2641983398864133,0.5701179554390564,0.314263870685889,0.8692680884780611,0.472668810289389,311,0.725261058790973,1.94
coatnet_0,5,herding,7,T2_ODIR,class-incremental,12,Other,0.2045177045177045,0.3372903951725725,0.2861528534340783,0.1837460504844215,0.0,1638,0.2045177045177045,0.2045177045177045,0.4084249084249084,0.2915140415140415,0.6330891330891331,0.3416361416361416,0.8810069722757908,0.4945848375451263,277,0.7972861291398915,2.5
coatnet_0,5,herding,8,T3_LAG,domain-incremental,12,,0.6538461538461539,0.4507911365879062,0.4527729153753559,0.649650255147312,0.343342851943834,1638,0.6538461538461539,0.6538461538461539,0.8522588522588522,0.743080993080993,0.9065934065934066,0.7555962555962555,0.8690724993137477,0.4652567975830816,331,0.5204390640664811,5.33
coatnet_0,5,herding,9,T4_HAM,class-incremental,13,Actinic Keratoses,0.6431535269709544,0.5474844192582656,0.5183518070083484,0.6564955086798718,0.4952161286405986,1687,0.6431535269709544,0.6431535269709544,0.8488441019561351,0.7348350128433115,0.912270302311796,0.7496542185338865,0.877304349327139,0.4662921348314606,356,0.4272235069143149,2.4
coatnet_0,5,herding,10,T4_HAM,class-incremental,14,Basal Cell Carcinoma,0.6167800453514739,0.5150741135138733,0.4646321784412252,0.6207180429327801,0.0,1764,0.6167800453514739,0.6167800453514739,0.8270975056689343,0.7131519274376418,0.91156462585034,0.732794784580499,0.9277906307704636,0.5028409090909091,352,0.4849645289432523,2.72
coatnet_0,5,herding,11,T4_HAM,class-incremental,15,Benign Keratosis,0.5943983402489627,0.4749093123984592,0.4196024470009482,0.5847274255184289,0.0,1928,0.5943983402489627,0.5943983402489627,0.8184647302904564,0.6945020746887967,0.8895228215767634,0.7108143153526971,0.91363772555506,0.4929971988795518,357,0.5293661368063558,3.54
coatnet_0,5,herding,12,T4_HAM,class-incremental,16,Dermatofibroma,0.5552699228791774,0.4735547186159806,0.3930613576543988,0.5699472543449654,0.0,1945,0.5552699228791774,0.5552699228791774,0.8503856041131106,0.6829477292202227,0.9233933161953728,0.6999914310197086,1.012056698069736,0.555256064690027,371,0.5380535951847149,2.32
coatnet_0,5,herding,13,T4_HAM,class-incremental,17,Melanocytic Nevi,0.6688333903523777,0.4345884220080522,0.388415886018903,0.6339341802666514,0.0,2923,0.6688333903523777,0.6688333903523777,0.8443380088949709,0.746721404949253,0.9079712624016422,0.7611244155547953,0.9064334623245226,0.4918918918918919,370,0.5935566034717337,10.6
coatnet_0,5,herding,14,T4_HAM,class-incremental,18,Melanoma,0.4693877551020408,0.4146924799237221,0.341296710152447,0.4933752132252679,0.0,3087,0.4693877551020408,0.4693877551020408,0.8393262066731455,0.6400496706619155,0.9109167476514416,0.6564571860490227,0.9106416928094864,0.5094850948509485,369,0.6057351712301617,4.91
coatnet_0,5,herding,15,T4_HAM,class-incremental,19,Vascular Lesions,0.4800514800514801,0.4332536637805426,0.3470762605976234,0.5226032343126508,0.0,3108,0.4800514800514801,0.4800514800514801,0.7815315315315315,0.6046761046761047,0.8996138996138996,0.6318640068640068,0.8758113121817134,0.4886363636363636,352,0.575290458044123,3.74
coatnet_0,20,herding,0,T1_APTOS,base,5,No DR;Mild DR;Moderate DR;Severe DR;Proliferative DR,0.802784222737819,0.6179159481888942,0.6359916743755781,0.7927473308564654,0.5603673663153317,431,0.802784222737819,0.802784222737819,0.9837587006960556,0.8847641144624903,1.0,0.8888244392884763,0.6462456271982456,0.2645011600928074,431,0.0,1.41
coatnet_0,20,herding,1,T2_ODIR,class-incremental,6,Normal,0.8280141843971631,0.630777384890684,0.6330480928864913,0.8332009955898,0.6117859339628409,1128,0.8280141843971631,0.8280141843971631,0.9849290780141844,0.8999704491725768,1.0,0.9035165484633568,0.7506902900678881,0.3370165745856354,362,0.2052023121387283,1.89
coatnet_0,20,herding,2,T2_ODIR,class-incremental,7,Glaucoma,0.4519368723098996,0.5387153086027985,0.4574866783356749,0.4194182274798546,0.4657507089035657,1394,0.4519368723098996,0.4519368723098996,0.8945480631276901,0.657221425155428,0.958393113342898,0.6716044954567193,0.96087130110593,0.4731457800511509,391,0.5089533975983931,1.66
coatnet_0,20,herding,3,T2_ODIR,class-incremental,8,Cataract,0.5236439499304589,0.598856916358557,0.4650709910505913,0.5388549842313918,0.5730924412126186,1438,0.5236439499304589,0.5236439499304589,0.808066759388039,0.6402410755679184,0.8803894297635605,0.657487250811312,0.857113606614511,0.4250614250614251,407,0.3499086782207971,1.67
coatnet_0,20,herding,4,T2_ODIR,class-incremental,9,AMD,0.3432633716993906,0.5609063269761465,0.4112179502305182,0.3553529209044521,0.4759975405821023,1477,0.3432633716993906,0.3432633716993906,0.7440758293838863,0.5192958700067705,0.8713608666215301,0.5494583615436696,0.7322785563281032,0.357487922705314,414,0.4740648267077857,1.73
coatnet_0,20,herding,5,T2_ODIR,class-incremental,10,Hypertension,0.3098118279569892,0.5420217715454095,0.3621417964841668,0.3216205705904961,0.3803654824824993,1488,0.3098118279569892,0.3098118279569892,0.6438172043010753,0.452844982078853,0.8138440860215054,0.4925291218637992,0.8154904233293435,0.4679802955665024,406,0.5165330249497261,1.64
coatnet_0,20,herding,6,T2_ODIR,class-incremental,11,Myopia,0.3446920052424639,0.5522329852203082,0.3779570953365879,0.3447264727237398,0.4800170227859023,1526,0.3446920052424639,0.3446920052424639,0.5504587155963303,0.433049366535605,0.7051114023591087,0.468435998252512,0.7528822505334528,0.3737623762376237,404,0.4522495556325678,1.84
coatnet_0,20,herding,7,T2_ODIR,class-incremental,12,Other,0.3046398046398046,0.467701958683151,0.3857059123245968,0.2707675148614384,0.3066371522409945,1638,0.3046398046398046,0.3046398046398046,0.536019536019536,0.4041514041514041,0.6514041514041514,0.4309218559218559,0.8,0.39,400,0.6068642921848905,2.36
coatnet_0,20,herding,8,T3_LAG,domain-incremental,12,,0.6978021978021978,0.5799152924000431,0.5673733100477553,0.7102422940026079,0.5466464037114472,1638,0.6978021978021978,0.6978021978021978,0.9230769230769232,0.8003663003663004,0.9725274725274724,0.8121489621489622,0.7358419766730805,0.3170731707317073,410,0.3406718872746869,5.35
coatnet_0,20,herding,9,T4_HAM,class-incremental,13,Actinic Keratoses,0.6751630112625964,0.6252824022309965,0.584047674851987,0.6939093894295986,0.5918775833327198,1687,0.6751630112625964,0.6751630112625964,0.8927089508002372,0.7720806164789568,0.9626556016597512,0.7884113811499703,0.8249785940190695,0.3857493857493858,407,0.283283818166524,2.16
coatnet_0,20,herding,10,T4_HAM,class-incremental,14,Basal Cell Carcinoma,0.6672335600907029,0.5888572195119917,0.5260701474935303,0.6794794955471201,0.5034760442739894,1764,0.6672335600907029,0.6672335600907029,0.9058956916099772,0.7737150415721844,0.9608843537414966,0.7866685563114134,0.8106012216420464,0.3932853717026379,417,0.3659572917380751,2.47
coatnet_0,20,herding,11,T4_HAM,class-incremental,15,Benign Keratosis,0.6820539419087137,0.5570502655893372,0.5248079935424684,0.6749826089515365,0.4540647371481938,1928,0.6820539419087137,0.6820539419087137,0.8947095435684648,0.7778354080221299,0.9569502074688796,0.7921248271092669,0.8140512427589067,0.3803827751196172,418,0.4081254857825089,3.19
coatnet_0,20,herding,12,T4_HAM,class-incremental,16,Dermatofibroma,0.6210796915167095,0.5696683481929725,0.4718696367621358,0.6369751717692256,0.4906465811812291,1945,0.6210796915167095,0.6210796915167095,0.8658097686375321,0.7299914310197088,0.9326478149100256,0.745312767780634,0.8405958999380528,0.4425427872860635,409,0.3875492039530426,2.34
coatnet_0,20,herding,13,T4_HAM,class-incremental,17,Melanocytic Nevi,0.7170715018816285,0.490073818446665,0.4806539646054875,0.6873675212295712,0.392520376926555,2923,0.7170715018816285,0.7170715018816285,0.8946288060212111,0.7958148021439162,0.942182689018132,0.8067966700878092,0.8333731096314555,0.4224343675417661,419,0.4834757123858177,11.02
coatnet_0,20,herding,14,T4_HAM,class-incremental,18,Melanoma,0.5591188856494979,0.5208125919844181,0.4609290244264643,0.5889726317448271,0.4365009365821299,3087,0.5591188856494979,0.5591188856494979,0.8765792031098154,0.7039736529532448,0.9251700680272108,0.7151981427491632,0.8433668274445011,0.4107981220657277,426,0.4663672763541125,4.64
coatnet_0,20,herding,15,T4_HAM,class-incremental,19,Vascular Lesions,0.5913770913770914,0.5310677048157789,0.4558388828832494,0.6212215598710187,0.444268738063269,3108,0.5913770913770914,0.5913770913770914,0.861003861003861,0.7058665808665809,0.9231016731016732,0.7200718575718577,0.8169847702573995,0.3803827751196172,418,0.4398043607925557,3.59
googlenet,1,herding,0,T1_APTOS,base,5,No DR;Mild DR;Moderate DR;Severe DR;Proliferative DR,0.7935034802784223,0.6313907483875513,0.6468538609805321,0.7881431629053914,0.5995535303990587,431,0.7935034802784223,0.7935034802784223,0.9837587006960556,0.8766434648105181,1.0,0.8807037896365042,0.7524129783723842,0.3062645011600928,431,0.0,0.8
googlenet,1,herding,1,T2_ODIR,class-incremental,6,Normal,0.6790780141843972,0.3697497383821199,0.3508683248918161,0.5850724461054547,0.1523504592868764,1128,0.6790780141843972,0.6790780141843972,0.9379432624113476,0.7994976359338061,0.99822695035461,0.8131944444444444,1.1258799375612023,0.7464788732394366,142,0.7982456140350878,0.88
googlenet,1,herding,2,T2_ODIR,class-incremental,7,Glaucoma,0.2288378766140602,0.2874172081489154,0.1975192738672957,0.1116626838475476,0.0,1394,0.2288378766140602,0.2288378766140602,0.8766140602582496,0.5324007651841224,0.96987087517934,0.5536704925872787,1.263635308761348,0.8870967741935484,124,0.922514619883041,0.74
googlenet,1,herding,3,T2_ODIR,class-incremental,8,Cataract,0.0486787204450625,0.2201576576576576,0.0777316385611316,0.0139812297327535,0.0,1438,0.0486787204450625,0.0486787204450625,0.8317107093184979,0.390125173852573,0.9645340751043116,0.4215229485396384,1.780713388207145,1.5128205128205128,117,0.9746588693957116,0.81
googlenet,1,herding,4,T2_ODIR,class-incremental,9,AMD,0.0264048747461069,0.1111111111111111,0.005716798592788,0.0013585621571215,0.0,1477,0.0264048747461069,0.0264048747461069,0.1645226811103588,0.0816971338298352,0.4116452268111036,0.1374858948318664,,,0,1.0,0.67
googlenet,1,herding,5,T2_ODIR,class-incremental,10,Hypertension,0.0087365591397849,0.1083333333333333,0.0168552036199095,0.0025901024181384,0.0,1488,0.0087365591397849,0.0087365591397849,0.1014784946236559,0.0472670250896057,0.385752688172043,0.1089269713261648,0.0,0.0,2,0.9988304093567252,0.63
googlenet,1,herding,6,T2_ODIR,class-incremental,11,Myopia,0.0249017038007863,0.0909090909090909,0.0044175773076028,0.001210057217941,0.0,1526,0.0249017038007863,0.0249017038007863,0.2470511140235911,0.1085626911314984,0.3931847968545216,0.1401157710790738,,,0,1.0,0.64
googlenet,1,herding,7,T2_ODIR,class-incremental,12,Other,0.1111111111111111,0.1791896130393858,0.1143110082345563,0.0600083711329249,0.0,1638,0.1111111111111111,0.1111111111111111,0.4377289377289377,0.2506105006105006,0.7026862026862026,0.3109584859584859,1.2329924047901797,0.831081081081081,148,0.9707602339181286,0.93
googlenet,1,herding,8,T3_LAG,domain-incremental,12,,0.5903540903540904,0.3037791282652113,0.3150058024414022,0.5396076889703735,0.0,1638,0.5903540903540904,0.5903540903540904,0.8424908424908425,0.703907203907204,0.9371184371184372,0.7258241758241759,0.901590537370498,0.543859649122807,171,0.6477561982362867,2.36
googlenet,1,herding,9,T4_HAM,class-incremental,13,Actinic Keratoses,0.4908120924718435,0.3474522767269805,0.2852999774831039,0.4512160443728063,0.0,1687,0.4908120924718435,0.4908120924718435,0.7356253704801423,0.5958308634657182,0.8767042086544161,0.6290555226239873,1.004535170659001,0.6454545454545455,110,0.5579194134154685,0.85
googlenet,1,herding,10,T4_HAM,class-incremental,14,Basal Cell Carcinoma,0.5215419501133787,0.3910179959311706,0.342142879882435,0.525989001184419,0.0,1764,0.5215419501133787,0.5215419501133787,0.7981859410430839,0.6447467876039306,0.8837868480725624,0.6645597127739985,1.104571057052112,0.640926640926641,259,0.5726749498398755,1.03
googlenet,1,herding,11,T4_HAM,class-incremental,15,Benign Keratosis,0.5160788381742739,0.3730686415964768,0.3314524178339275,0.508931157350776,0.0,1928,0.5160788381742739,0.5160788381742739,0.8319502074688797,0.6553423236514523,0.9076763485477178,0.6728734439834025,0.9773292248741484,0.5827586206896552,290,0.6164141980372646,1.29
googlenet,1,herding,12,T4_HAM,class-incremental,16,Dermatofibroma,0.3362467866323907,0.2137715707248904,0.1605590012313539,0.3248085817459648,0.0,1945,0.3362467866323907,0.3362467866323907,0.6827763496143959,0.4850899742930591,0.8251928020565553,0.5175321336760926,0.7416198487095663,0.45,20,0.7486998164508325,0.83
googlenet,1,herding,13,T4_HAM,class-incremental,17,Melanocytic Nevi,0.6137529934998289,0.3438971929158788,0.3188119073633121,0.5746078677515453,0.0,2923,0.6137529934998289,0.6137529934998289,0.8450222374273008,0.7165013114380202,0.9035237769414984,0.7301345649446915,1.004971033119183,0.5980066445182725,301,0.666772266187367,4.77
googlenet,1,herding,14,T4_HAM,class-incremental,18,Melanoma,0.3197278911564626,0.3115624214367522,0.254314776652436,0.2879045839055559,0.0,3087,0.3197278911564626,0.3197278911564626,0.8380304502753483,0.5653277183889429,0.927437641723356,0.5860922146636431,1.1222814134317007,0.698961937716263,289,0.6937038437931734,1.62
googlenet,1,herding,15,T4_HAM,class-incremental,19,Vascular Lesions,0.2239382239382239,0.2222988079038872,0.1493534832595479,0.1959369354252661,0.0,3108,0.2239382239382239,0.2239382239382239,0.4700772200772201,0.3287752037752038,0.5871943371943372,0.3553196053196052,1.7089043221610989,1.415929203539823,113,0.7757002791958982,1.07
googlenet,5,herding,0,T1_APTOS,base,5,No DR;Mild DR;Moderate DR;Severe DR;Proliferative DR,0.7911832946635731,0.5821555324178739,0.6090667611794371,0.7747696146441285,0.5198458249879343,431,0.7911832946635731,0.7911832946635731,0.9791183294663574,0.8727764887857694,1.0,0.8779969064191802,0.7257286921231416,0.2993039443155452,431,0.0,0.65
googlenet,5,herding,1,T2_ODIR,class-incremental,6,Normal,0.7473404255319149,0.5029617232342806,0.4934518829765366,0.7148557557396289,0.4573482247985538,1128,0.7473404255319149,0.7473404255319149,0.973404255319149,0.8544621749408983,0.999113475177305,0.8605791962174941,1.035359694487716,0.625,264,0.5571847507331378,0.74
googlenet,5,herding,2,T2_ODIR,class-incremental,7,Glaucoma,0.2381635581061693,0.3458170990761746,0.2148475212950063,0.1198678762433284,0.0,1394,0.2381635581061693,0.2381635581061693,0.9332855093256814,0.5542802486848397,0.98493543758967,0.5661525585844093,1.3107574552078576,0.9627659574468084,188,0.9017595307917888,0.55
googlenet,5,herding,3,T2_ODIR,class-incremental,8,Cataract,0.2385257301808066,0.3108456709073031,0.188198650375769,0.2598495457420653,0.0,1438,0.2385257301808066,0.2385257301808066,0.7677329624478443,0.4652294853963838,0.9339360222531292,0.5028164116828929,1.5388307249337076,1.248,125,0.8056750843586921,0.66
googlenet,5,herding,4,T2_ODIR,class-incremental,9,AMD,0.0724441435341909,0.26523003129266,0.1623017471561941,0.053911372255924,0.0,1477,0.0724441435341909,0.0724441435341909,0.7582938388625592,0.3772286165651095,0.909275558564658,0.411690363349131,1.547630863714788,1.1693548387096775,124,0.8203865289102097,0.6
googlenet,5,herding,5,T2_ODIR,class-incremental,10,Hypertension,0.0692204301075268,0.176686442540101,0.0659062307835314,0.0502451860896102,0.0,1488,0.0692204301075268,0.0692204301075268,0.125,0.0934139784946236,0.2836021505376344,0.1283602150537634,1.1001033009346315,0.7215909090909091,176,0.9460410557184752,0.56
googlenet,5,herding,6,T2_ODIR,class-incremental,11,Myopia,0.1408912188728702,0.2547427869373254,0.1688507580820435,0.1308031686802716,0.0,1526,0.1408912188728702,0.1408912188728702,0.3977719528178244,0.2496723460026212,0.8204456094364351,0.3489842726081258,0.9804723182481128,0.6187845303867403,181,0.8178237355098202,0.74
googlenet,5,herding,7,T2_ODIR,class-incremental,12,Other,0.1587301587301587,0.2908685228776375,0.2319828829519358,0.1267186329420873,0.0,1638,0.1587301587301587,0.1587301587301587,0.4792429792429792,0.2956857956857957,0.7118437118437119,0.3480667480667481,1.0286086302796191,0.6651785714285714,224,0.8456640358904688,1.01
googlenet,5,herding,8,T3_LAG,domain-incremental,12,,0.6306471306471306,0.4316280767094114,0.4526191679161778,0.6286220599807437,0.3739377028204528,1638,0.6306471306471306,0.6306471306471306,0.9096459096459096,0.7555962555962557,0.9682539682539684,0.7692714692714693,0.8603090020146067,0.4572368421052631,304,0.5341627797722012,2.63
googlenet,5,herding,9,T4_HAM,class-incremental,13,Actinic Keratoses,0.5406046235921754,0.4913212719104026,0.447105956268371,0.5486742564267743,0.408452260439078,1687,0.5406046235921754,0.5406046235921754,0.8091286307053942,0.6579727326615293,0.9353882631890932,0.6872554831061055,1.118033988749895,0.7149122807017544,228,0.475164244065055,0.98
googlenet,5,herding,10,T4_HAM,class-incremental,14,Basal Cell Carcinoma,0.5697278911564626,0.4940816233547119,0.4318556152942023,0.584034932110923,0.0,1764,0.5697278911564626,0.5697278911564626,0.8458049886621315,0.6945389266817839,0.9302721088435374,0.7140684051398338,0.93165311575172,0.5421348314606742,356,0.5072822742867109,1.16
googlenet,5,herding,11,T4_HAM,class-incremental,15,Benign Keratosis,0.5772821576763485,0.4571870052838122,0.4041468543344044,0.5696009176623926,0.2947927234342284,1928,0.5772821576763485,0.5772821576763485,0.8599585062240664,0.7032330567081605,0.9377593360995852,0.7210753803596127,0.8969774400277756,0.4898477157360406,394,0.5469929005601432,1.59
googlenet,5,herding,12,T4_HAM,class-incremental,16,Dermatofibroma,0.3804627249357326,0.2721996591962682,0.1844793441406898,0.340136080210445,0.0,1945,0.3804627249357326,0.3804627249357326,0.675064267352185,0.5079691516709511,0.7948586118251928,0.5355269922879177,1.044465935734187,0.9090909090909092,11,0.6531264428001681,0.8
googlenet,5,herding,13,T4_HAM,class-incremental,17,Melanocytic Nevi,0.6585699623674307,0.3885617601649547,0.359746693610136,0.6244823172304305,0.0,2923,0.6585699623674307,0.6585699623674307,0.8758125213821416,0.7568137758011175,0.9647622305850154,0.7776143231839434,0.8252349109361818,0.4481012658227848,395,0.624549501807372,5.48
googlenet,5,herding,14,T4_HAM,class-incremental,18,Melanoma,0.37674117265954,0.3745181003108486,0.3085954048682349,0.3610183296039398,0.0,3087,0.37674117265954,0.37674117265954,0.8564949789439585,0.6018248569268978,0.9468739876903142,0.6227513227513227,0.828683770795561,0.4411027568922305,399,0.6510843450134383,2.05
googlenet,5,herding,15,T4_HAM,class-incremental,19,Vascular Lesions,0.2377734877734877,0.2596608329397222,0.1730694059458983,0.2106026231467722,0.0,3108,0.2377734877734877,0.2377734877734877,0.5131917631917632,0.3566602316602316,0.6978764478764479,0.3987451737451737,1.7418089175006384,1.4915254237288136,118,0.7223245843077792,1.25
googlenet,20,herding,0,T1_APTOS,base,5,No DR;Mild DR;Moderate DR;Severe DR;Proliferative DR,0.7633410672853829,0.5865733811239581,0.6001510994084087,0.7594735157590385,0.54436665779409,431,0.7633410672853829,0.7633410672853829,0.9814385150812064,0.8592420726991492,1.0,0.8638824439288476,0.8508219037101399,0.3758700696055684,431,0.0,0.66
googlenet,20,herding,1,T2_ODIR,class-incremental,6,Normal,0.8342198581560284,0.6282439048980112,0.6214044365824382,0.831727302794237,0.5826326516225557,1128,0.8342198581560284,0.8342198581560284,0.975177304964539,0.8987884160756502,0.999113475177305,0.9045951536643024,0.7966900438104745,0.3393782383419689,386,0.1003039513677812,0.75
googlenet,20,herding,2,T2_ODIR,class-incremental,7,Glaucoma,0.2439024390243902,0.3811110974017969,0.1890071116613765,0.1284719019356683,0.0,1394,0.2439024390243902,0.2439024390243902,0.9160688665710186,0.5522477283596365,0.9741750358680056,0.5660210425633668,1.0281745265969475,0.819047619047619,210,0.8955750335760232,0.55
googlenet,20,herding,3,T2_ODIR,class-incremental,8,Cataract,0.4575799721835883,0.4526248378625578,0.2952502173379825,0.4386130259194869,0.0,1438,0.4575799721835883,0.4575799721835883,0.8150208623087621,0.6101066295781177,0.9749652294853964,0.6488409828465461,0.8802664993896133,0.5968586387434555,191,0.4956080837395993,0.53
googlenet,20,herding,4,T2_ODIR,class-incremental,9,AMD,0.0927555856465809,0.3378750681640806,0.1566938005122972,0.0662395922171082,0.0,1477,0.0927555856465809,0.0927555856465809,0.7095463777928233,0.3676371022342586,0.8659444820582262,0.4038930264048747,1.4387715921116584,1.1656050955414012,157,0.7564931113293992,0.55
googlenet,20,herding,5,T2_ODIR,class-incremental,10,Hypertension,0.0262096774193548,0.1636363636363636,0.0673912692649076,0.0195928871570753,0.0,1488,0.0262096774193548,0.0262096774193548,0.4952956989247312,0.2227822580645161,0.7688172043010753,0.2850134408602151,,,0,0.8697674418604653,0.5
googlenet,20,herding,6,T2_ODIR,class-incremental,11,Myopia,0.3296199213630406,0.3014383855321823,0.1811705896291291,0.3316196864260193,0.0,1526,0.3296199213630406,0.3296199213630406,0.5753604193971167,0.4352337265181302,0.7758846657929227,0.4811380515508956,1.0999438818457403,0.8641975308641975,81,0.7162037161166989,0.61
googlenet,20,herding,7,T2_ODIR,class-incremental,12,Other,0.2814407814407814,0.4126717285336436,0.3321969916057783,0.2817503949129216,0.0,1638,0.2814407814407814,0.2814407814407814,0.6361416361416361,0.4357956857956857,0.8748473748473748,0.4911375661375661,0.967069114419842,0.6032388663967612,247,0.6697792754209582,0.87
googlenet,20,herding,8,T3_LAG,domain-incremental,12,,0.6666666666666666,0.602221197659614,0.5443912728022063,0.6880090842482667,0.574136415379531,1638,0.6666666666666666,0.6666666666666666,0.9017094017094016,0.7712657712657712,0.9645909645909646,0.7856735856735857,0.8086680532556199,0.3791348600508906,393,0.3455717417423524,2.42
googlenet,20,herding,9,T4_HAM,class-incremental,13,Actinic Keratoses,0.4872554831061055,0.422683428064355,0.3266712580321858,0.4457697117942382,0.0,1687,0.4872554831061055,0.4872554831061055,0.7587433313574392,0.6052163604030824,0.926496739774748,0.6437759336099587,1.8793908831701611,1.6422018348623852,109,0.4355297946714318,0.74
googlenet,20,herding,10,T4_HAM,class-incremental,14,Basal Cell Carcinoma,0.5668934240362812,0.539945884782785,0.4170279053680899,0.5633865442257162,0.3505938174681495,1764,0.5668934240362812,0.5668934240362812,0.8611111111111112,0.7003023431594861,0.9302721088435374,0.7162037037037037,0.8914407813571615,0.5546666666666666,375,0.420463077635192,0.88
googlenet,20,herding,11,T4_HAM,class-incremental,15,Benign Keratosis,0.6130705394190872,0.5385698448689323,0.4677892711334361,0.6107496481392938,0.4616978230916939,1928,0.6130705394190872,0.6130705394190872,0.8952282157676349,0.7392807745504841,0.95798755186722,0.753622060857538,0.9730011484406522,0.5157384987893463,413,0.4317120291625787,1.26
googlenet,20,herding,12,T4_HAM,class-incremental,16,Dermatofibroma,0.4056555269922879,0.3441843836205227,0.2436864295974926,0.372523976709182,0.0,1945,0.4056555269922879,0.4056555269922879,0.7305912596401029,0.5501285347043702,0.831362467866324,0.5736760925449872,0.7811334658849433,0.4745762711864407,59,0.5709781486527296,0.82
googlenet,20,herding,13,T4_HAM,class-incremental,17,Melanocytic Nevi,0.6955183031132398,0.4913877417500207,0.4626754113022349,0.6849598664693386,0.4182141017866448,2923,0.6955183031132398,0.6955183031132398,0.8987341772151899,0.7873759835785152,0.9647622305850154,0.8025829627095451,0.8764016205477675,0.4389027431421446,401,0.4817638156254071,5.09
googlenet,20,herding,14,T4_HAM,class-incremental,18,Melanoma,0.5163589245221898,0.5035509352040702,0.4215507569590321,0.5425885078634174,0.3868683147910924,3087,0.5163589245221898,0.5163589245221898,0.8986070618723679,0.6924738149227945,0.9689018464528668,0.7088327394449845,0.8006021829983271,0.4144578313253012,415,0.4893578086233919,1.67
googlenet,20,herding,15,T4_HAM,class-incremental,19,Vascular Lesions,0.2789575289575289,0.3235580581836783,0.227496520784054,0.2513919188085054,0.0,3108,0.2789575289575289,0.2789575289575289,0.6856499356499357,0.464017589017589,0.8185328185328186,0.4948573573573573,0.9696899027331812,0.6119402985074627,67,0.5949938552274666,1.1
